Order_ID,First_Name,Last_Name,Trans_Date,Region,Currency_Code,Raw_Amount,Tax_Rate
1,KIRBEE,Bugdale,01/05/2026,South,EUR,$786,0.85
2,HOPE,,06/29/2025,East,EUR,$1115,0.72
3,HAKEEM,Gammel,07/24/2025,South,USD,$4138,0.58
4,DENA,Langhorn,01/26/2026,North,CAD,$173,1.09
5,ANGELITA,Mocquer,03/28/2025,West,CAD,$2026,1.1
6,ULLA,,12/30/2025,South,EUR,$2367,1.16
7,BOWIE,Sheals,06/24/2025,East,USD,$207,0.59
8,BAILLIE,Layhe,06/20/2025,South,USD,$2353,0.9
9,CYNDE,Kharchinski,10/20/2025,West,CAD,$2226,0.73
10,RUGGIERO,April,03/29/2025,East,EUR,$1579,0.57
11,ALLY,Gregine,11/01/2025,South,CAD,$458,0.84
12,DELLY,Chudleigh,03/27/2025,East,USD,$2995,0.74
13,CHRISTIE,Wabersinke,09/25/2025,South,CAD,$1521,0.61
14,MICK,Gleadhall,08/14/2025,North,USD,$1527,0.6
15,KNOX,Brosius,01/17/2026,West,CAD,$2923,1.06
16,COLAS,Brogiotti,11/29/2025,North,USD,$2513,0.83
17,GREG,Bengough,09/12/2025,West,EUR,$3865,0.53
18,CALYPSO,,09/19/2025,North,CAD,$2920,1.11
19,CHLOETTE,Lenney,08/27/2025,West,EUR,$2502,0.59
20,SIMON,Lindblom,10/06/2025,West,CAD,$4260,1.14
21,LUIGI,Landsborough,04/09/2025,East,CAD,$4129,0.89
22,ROSAMOND,Causby,03/04/2025,West,USD,$4097,0.66
23,LEONORE,,11/27/2025,North,USD,$2779,0.61
24,JEN,Jorat,10/08/2025,North,CAD,$3819,0.79
25,MARCUS,Jeffels,07/12/2025,North,EUR,$3512,1.16
26,BARRETT,Sells,01/12/2026,East,EUR,$2454,0.56
27,LAZAR,Berzen,02/10/2026,North,EUR,$820,0.91
28,CELESTYNA,Gingle,09/17/2025,East,USD,$4821,0.51
29,LANNIE,,02/13/2026,North,CAD,$3046,0.96
30,HEDVIG,McGirr,05/18/2025,East,CAD,$860,0.55
31,BABARA,Tame,10/21/2025,West,EUR,$2435,0.56
32,NIEL,Clay,03/22/2025,South,CAD,$3001,0.82
33,GENNIE,Verna,06/20/2025,West,CAD,$4384,1.17
34,PATEN,Raycroft,04/13/2025,South,CAD,$2733,0.77
35,BENNETT,Probbin,02/09/2026,North,EUR,$3685,0.67
36,HILL,Fessier,06/08/2025,East,EUR,$4897,0.94
37,DAVITA,Crepel,02/04/2026,East,EUR,$4876,1.12
38,ALAN,Tranckle,11/17/2025,South,USD,$1204,1.04
39,CONNOR,Vearnals,05/20/2025,North,EUR,$4780,1.16
40,RENATA,Sultan,11/06/2025,East,CAD,$2881,0.81
41,JAYNELL,Bernhard,04/23/2025,East,CAD,$2691,0.88
42,CARVER,Ugo,06/27/2025,West,CAD,$2589,0.61
43,WILL,Mingay,11/11/2025,East,CAD,$2563,1.16
44,ALYSS,Rabjohn,08/28/2025,North,CAD,$2292,0.63
45,THOMASIN,Coarser,06/11/2025,West,CAD,$3367,1.0
46,SAUNCHO,Ableson,05/17/2025,South,EUR,$3647,0.82
47,THORSTEN,Conybear,04/05/2025,West,EUR,$4215,1.09
48,LUCA,Yewdall,03/04/2025,West,USD,$3900,0.71
49,WAVERLEY,Peedell,06/07/2025,North,CAD,$2824,0.87
50,GARDIE,Pepperill,02/10/2026,East,USD,$3351,0.83
51,KENDRICK,Schimon,01/20/2026,South,USD,$2667,1.17
52,SIMONE,Village,01/23/2026,South,CAD,$3961,0.9
53,DIDO,Pauleit,01/03/2026,West,EUR,$1095,1.13
54,THORNTON,Haryngton,05/22/2025,East,CAD,$3983,0.94
55,GABRIELLO,Dimic,05/09/2025,West,USD,$2771,0.78
56,ROB,O'Lahy,11/06/2025,East,EUR,$2874,1.17
57,AUNDREA,Bisatt,07/11/2025,North,CAD,$1857,1.0
58,MATIAS,Pawsey,03/07/2025,East,USD,$988,1.02
59,DENNI,Scott,07/20/2025,North,USD,$4757,0.98
60,CLEVE,Dankersley,12/22/2025,East,USD,$964,0.71
61,ULRIKA,Reedick,08/12/2025,South,CAD,$4650,0.97
62,PEGGI,Ahearne,08/05/2025,East,EUR,$2692,0.73
63,OPAL,,03/24/2025,West,EUR,$4640,0.71
64,BRANDEN,Hummerston,11/04/2025,West,EUR,$3140,0.56
65,CHRISSY,Dominka,09/27/2025,North,USD,$186,0.98
66,RHODIA,Shotton,11/09/2025,North,CAD,$1915,0.9
67,QUINTUS,Howis,04/26/2025,East,CAD,$547,0.83
68,ENRIQUE,Zavattero,07/25/2025,South,CAD,$239,0.55
69,ULISES,Gerson,09/11/2025,East,USD,$2371,1.05
70,JAMMAL,Mungin,12/29/2025,East,USD,$4462,0.73
71,JARRED,Russel,08/12/2025,West,USD,$1657,0.52
72,PETER,De Filippo,01/18/2026,North,CAD,$4468,0.6
73,BELICIA,Nilges,06/05/2025,East,EUR,$4396,0.79
74,PRUDY,Wileman,10/12/2025,East,USD,$2383,0.56
75,PATTIE,Abramin,08/24/2025,North,EUR,$2523,1.06
76,OSGOOD,Ashard,06/06/2025,North,USD,$3656,0.69
77,BRINEY,Maffeo,03/14/2025,West,CAD,$2311,0.81
78,MADONNA,Kryszkiecicz,01/31/2026,East,CAD,$3898,0.8
79,RASIA,Yannikov,07/13/2025,West,EUR,$531,1.18
80,KIMBERLY,Albrook,04/24/2025,South,EUR,$2785,1.09
81,PATRICE,Maryott,07/28/2025,North,USD,$2380,0.87
82,SALLI,Borborough,08/01/2025,North,USD,$4269,0.98
83,JOCELIN,Pollitt,07/10/2025,South,EUR,$2212,0.51
84,HARMON,Pitkeathley,12/29/2025,East,EUR,$2173,1.09
85,ROZELLE,Flude,12/31/2025,East,EUR,$2124,0.94
86,STEVEN,,05/24/2025,East,EUR,$1940,0.76
87,ABEY,Heers,07/02/2025,South,EUR,$2914,0.99
88,GENA,Tanton,02/26/2025,North,EUR,$2414,0.71
89,TYRONE,Deason,11/28/2025,North,CAD,$619,0.92
90,SAY,Lourens,08/25/2025,West,EUR,$1945,0.89
91,VIV,Hankin,05/17/2025,South,EUR,$3833,0.7
92,BARTEL,Furminger,05/14/2025,North,CAD,$3395,1.05
93,JAZMIN,Hobgen,01/21/2026,South,USD,$4377,1.03
94,BRIEN,Timbs,02/14/2026,South,CAD,$1688,0.54
95,JESSE,Langthorne,02/15/2026,North,EUR,$1923,0.69
96,KIMMY,Lambell,08/09/2025,West,USD,$2415,1.16
97,ANDROS,Dombrell,07/10/2025,East,CAD,$2754,0.91
98,NERTE,Bleakley,12/23/2025,East,EUR,$3169,0.63
99,KATHLEEN,Towriss,02/15/2026,West,CAD,$3104,0.53
100,MAISON,Potteril,11/23/2025,East,USD,$3063,1.15
101,ENOCH,Childerley,08/27/2025,East,EUR,$2823,1.0
102,ARLEN,Humphrey,10/24/2025,North,EUR,$1580,0.95
103,CLEOPATRA,Jakoubec,08/26/2025,North,CAD,$2862,0.76
104,JOLINE,Wimbush,09/17/2025,North,EUR,$3732,0.66
105,SHERILL,Christoffels,04/16/2025,East,CAD,$339,0.61
106,GLENNA,Ganny,05/13/2025,South,CAD,$3570,1.19
107,COURTENAY,Coleson,07/12/2025,East,USD,$2439,0.84
108,MALA,Soame,08/16/2025,North,EUR,$3689,0.65
109,NICCOLO,Quaife,08/21/2025,East,USD,$2050,0.9
110,BRYNNA,Gregol,03/04/2025,South,EUR,$4780,0.91
111,MERRILE,Mouan,05/03/2025,West,CAD,$2759,1.11
112,CONROY,Feldmus,07/20/2025,East,EUR,$322,1.17
113,ISSIAH,Darlison,06/08/2025,West,EUR,$1642,0.7
114,ORTON,Ivison,12/03/2025,North,CAD,$3333,0.72
115,CHERIN,Fradson,08/19/2025,East,CAD,$3595,0.88
116,SIB,Brooksbie,07/29/2025,North,EUR,$4383,0.8
117,NORMY,Gellibrand,07/24/2025,East,EUR,$755,0.7
118,BESSIE,McGinnell,01/31/2026,North,CAD,$2014,0.98
119,BENEDICTA,Dick,11/28/2025,East,EUR,$2111,0.7
120,RAHAL,Baseggio,01/09/2026,West,USD,$4193,0.59
121,KEVEN,Corington,04/17/2025,South,CAD,$2475,1.18
122,ALLAYNE,Flute,12/05/2025,West,CAD,$538,0.68
123,ARABELE,,07/15/2025,West,CAD,$3774,0.68
124,CHRISTOS,Hannaway,06/22/2025,South,CAD,$3227,0.62
125,HARLEY,McCaughey,01/31/2026,North,USD,$255,1.03
126,ROXY,Gilliatt,02/07/2026,East,CAD,$400,0.9
127,LEVY,Peacocke,02/27/2025,North,USD,$3083,0.94
128,THERINE,Hackley,11/21/2025,North,CAD,$1787,0.78
129,OMAR,Crown,02/17/2026,South,EUR,$4150,0.95
130,CLAUDIE,Collingridge,03/23/2025,West,CAD,$4319,0.9
131,RITA,Rapin,07/25/2025,East,USD,$3499,0.74
132,ALINA,Stanlike,03/22/2025,West,USD,$3502,0.99
133,ELEONORE,Birchwood,09/29/2025,West,CAD,$2388,0.82
134,FONZIE,Garry,08/28/2025,North,USD,$1992,1.02
135,OTTILIE,Soro,07/12/2025,West,CAD,$4486,1.17
136,ARETHA,Creed,05/25/2025,West,CAD,$3996,0.78
137,DIERDRE,Paggitt,08/31/2025,East,USD,$1836,0.8
138,OFELIA,Larenson,08/30/2025,South,USD,$781,1.13
139,RUPRECHT,Balam,10/08/2025,South,EUR,$763,0.89
140,LESLIE,Doody,04/08/2025,East,EUR,$3754,0.71
141,HEINRICK,Bothe,08/10/2025,East,USD,$2403,0.69
142,NORBY,Murrison,05/14/2025,East,EUR,$1948,0.94
143,JEANELLE,Jessel,08/31/2025,North,USD,$3527,0.67
144,JODI,Brunker,05/27/2025,North,EUR,$1219,0.93
145,RAVI,Keuneke,03/24/2025,East,CAD,$4524,0.95
146,RUTHANN,Wedderburn,08/08/2025,East,USD,$3938,0.5
147,JADE,D'Aulby,11/18/2025,East,USD,$1157,0.54
148,ARTEMAS,Beange,05/02/2025,South,CAD,$3004,0.55
149,JOHANNES,Lightbourn,09/06/2025,East,EUR,$1895,0.73
150,LUKAS,Bilverstone,04/04/2025,West,USD,$4244,1.17
151,BEULAH,Kalinsky,04/05/2025,North,USD,$3841,1.13
152,HARRIETT,Tressler,09/09/2025,East,USD,$1581,0.57
153,STEFFANE,Winning,11/28/2025,East,EUR,$2263,1.12
154,AB,Rosenqvist,04/20/2025,East,EUR,$3808,1.08
155,CHERILYN,Caslett,12/16/2025,West,EUR,$4439,1.03
156,FINA,Rowatt,04/01/2025,North,USD,$2302,0.77
157,AMBY,Binns,01/25/2026,East,USD,$3500,0.52
158,WORTHINGTON,D'Arrigo,05/18/2025,West,EUR,$545,0.74
159,LARAINE,Ivell,07/20/2025,West,EUR,$3959,0.79
160,LANA,Sillick,11/22/2025,West,EUR,$3745,0.54
161,MARGERY,Beton,01/12/2026,South,EUR,$2032,1.15
162,FILBERTE,Rivett,08/14/2025,East,CAD,$4709,1.03
163,GUSELLA,Dunderdale,07/21/2025,West,EUR,$4738,0.9
164,XENA,Goodlud,09/21/2025,South,USD,$2630,0.55
165,PAYTON,Eddleston,08/27/2025,West,EUR,$1009,0.98
166,MARIJN,Wickey,01/03/2026,North,EUR,$4750,0.96
167,NAOMA,Galway,12/14/2025,West,EUR,$3415,1.18
168,FRANSISCO,Diddams,06/16/2025,South,EUR,$1255,0.7
169,SHERLOCKE,Cornes,12/15/2025,South,EUR,$3809,0.69
170,FELICE,Warby,10/21/2025,South,CAD,$1374,0.66
171,HILLERY,Polotti,07/01/2025,East,CAD,$4866,0.57
172,BRODDY,Toffts,07/18/2025,North,CAD,$4493,0.86
173,FEE,Gyngyll,03/22/2025,North,EUR,$317,0.66
174,TURNER,Flowers,10/29/2025,West,CAD,$4414,0.95
175,GLYN,Rives,11/19/2025,West,EUR,$1335,1.1
176,CASE,Acock,03/23/2025,East,USD,$3334,0.87
177,RODERIGO,Myrkus,12/28/2025,North,USD,$4097,1.17
178,CONNIE,Breakwell,07/25/2025,West,USD,$2993,1.0
179,AVRIL,Maccree,09/19/2025,North,USD,$429,0.5
180,BECKY,Armiger,11/12/2025,East,EUR,$3830,1.0
181,SHAYNA,Mingus,02/13/2026,North,CAD,$1362,0.92
182,JACQUELYNN,Sybe,04/09/2025,North,CAD,$3860,0.86
183,ARDATH,Wedgwood,08/02/2025,East,USD,$3268,1.08
184,FLINT,Gunning,07/08/2025,East,USD,$3387,0.79
185,LYNDY,Vasilechko,09/17/2025,South,EUR,$3501,1.13
186,XENA,Muggleston,06/02/2025,West,EUR,$200,0.78
187,ARDYS,Serchwell,04/09/2025,South,CAD,$1793,0.7
188,HAYDON,,07/02/2025,North,EUR,$939,1.16
189,LIVVYY,MacTrustey,05/23/2025,South,EUR,$2901,0.94
190,GARRICK,Librey,03/04/2025,South,EUR,$2513,0.74
191,NOLAN,Scown,07/09/2025,East,USD,$3128,0.83
192,NICO,Causby,12/09/2025,South,CAD,$3958,0.83
193,MANDEL,McCory,02/10/2026,West,USD,$4306,0.57
194,UPTON,Benedyktowicz,07/04/2025,North,EUR,$1544,0.61
195,GRIFFIN,Fantonetti,05/17/2025,South,USD,$555,1.05
196,WAYLAND,Ivashin,12/01/2025,West,CAD,$979,1.03
197,RAYSHELL,Francescozzi,10/13/2025,South,USD,$2057,0.52
198,JONIE,Ridge,04/12/2025,East,EUR,$1299,1.09
199,CORLISS,Haysey,07/06/2025,East,USD,$804,0.79
200,SELINDA,Abramovitch,06/06/2025,East,CAD,$398,0.51
201,THAYNE,Sinnock,10/09/2025,South,USD,$1723,0.86
202,YULE,Di Biasi,11/02/2025,North,CAD,$918,0.94
203,HAYDEN,Schulken,07/05/2025,North,USD,$2293,1.19
204,DEMETER,Hassell,07/12/2025,North,CAD,$2341,1.1
205,VINCENT,Earthfield,10/08/2025,South,CAD,$167,0.63
206,JABEZ,,02/03/2026,West,EUR,$2743,0.76
207,REAGAN,Brownsall,06/03/2025,North,USD,$3849,0.6
208,MODESTY,O' Clovan,01/02/2026,West,EUR,$885,0.94
209,BORDY,Ardron,02/10/2026,West,CAD,$4936,0.51
210,CLYDE,Mound,01/01/2026,North,CAD,$2712,1.08
211,DRUCILL,Mulles,09/01/2025,East,USD,$1648,0.94
212,LUCIENNE,Ambrosi,06/18/2025,South,CAD,$2116,1.11
213,TORE,Cordsen,06/07/2025,West,USD,$2287,0.97
214,TANNER,Newcombe,01/30/2026,North,CAD,$1574,0.97
215,GWENNETH,Francomb,12/18/2025,West,USD,$2063,0.67
216,LEONERD,Siemons,10/20/2025,East,CAD,$1069,0.58
217,SEYMOUR,Amiss,08/07/2025,North,USD,$791,0.79
218,LONI,Norcock,08/08/2025,East,EUR,$2605,0.94
219,EVITA,Rosewarne,06/01/2025,East,EUR,$4801,1.13
220,HERC,Watmough,12/08/2025,West,CAD,$1898,1.02
221,CELINKA,Sommer,05/09/2025,West,EUR,$1790,0.68
222,EUPHEMIA,Carlisso,04/01/2025,East,CAD,$4007,0.55
223,JULITA,Kemmet,06/01/2025,West,USD,$3962,0.91
224,HEATH,O'Gleasane,12/06/2025,North,EUR,$4950,0.84
225,TAIT,Keaysell,09/11/2025,South,CAD,$2922,0.69
226,DELANO,Gookes,11/06/2025,East,USD,$2184,0.59
227,EL,Roseveare,08/18/2025,East,USD,$676,0.8
228,VALRY,Champneys,03/21/2025,North,EUR,$4909,0.51
229,MELVA,Draco,03/03/2025,East,CAD,$2129,1.11
230,CORNELIA,Pipping,02/10/2026,West,CAD,$3854,0.91
231,HEATH,Seiler,06/27/2025,South,USD,$522,0.83
232,MOHAMMED,Scotchmer,08/31/2025,South,CAD,$3983,1.14
233,MAXWELL,Ricciardiello,11/30/2025,West,EUR,$4976,0.75
234,REEVA,Meagher,05/16/2025,North,USD,$4909,1.05
235,HEDDI,Sekulla,02/23/2025,East,EUR,$3286,0.97
236,YVON,,12/26/2025,East,EUR,$953,0.8
237,WOLFGANG,Dennis,05/11/2025,North,USD,$3987,1.06
238,LARYSSA,Postgate,03/22/2025,North,USD,$4939,0.58
239,TRACEY,Neild,03/20/2025,South,USD,$2891,1.11
240,BAIL,Harwood,10/17/2025,West,EUR,$825,0.91
241,JERRY,Dewerson,10/12/2025,West,CAD,$1138,0.97
242,AGNA,Graith,11/03/2025,South,CAD,$329,0.85
243,RAINE,Joselson,12/11/2025,West,USD,$854,0.92
244,L;URETTE,Youde,12/19/2025,South,EUR,$3064,0.71
245,GRIZ,Cristofol,05/19/2025,West,EUR,$599,0.64
246,KYLE,Spurr,07/24/2025,North,CAD,$2187,0.69
247,JULES,Jado,07/10/2025,East,USD,$3247,0.73
248,EVYN,Burnside,07/14/2025,North,USD,$1646,1.16
249,LAURICE,Antoney,09/16/2025,South,USD,$2080,0.66
250,RAE,Minget,03/29/2025,South,CAD,$1689,1.19
251,STAFANI,Bockh,01/23/2026,South,USD,$4055,1.06
252,DANTE,Lambell,08/31/2025,South,CAD,$4048,1.05
253,RYUN,Laverty,07/29/2025,North,EUR,$1849,0.81
254,SIBLEY,Munro,03/21/2025,North,EUR,$4435,1.13
255,NICKIE,McGann,08/15/2025,South,EUR,$2460,1.16
256,EBBA,Ineson,03/16/2025,North,EUR,$4672,1.04
257,BAXY,Schrinel,11/14/2025,South,CAD,$3787,0.96
258,DELANEY,Elintune,07/11/2025,South,EUR,$4138,0.64
259,TAMMARA,Haughian,12/01/2025,South,CAD,$2288,0.71
260,BOBETTE,Rechert,05/02/2025,North,EUR,$207,0.73
261,CELIA,Klicher,02/15/2026,West,USD,$4978,0.72
262,GRETAL,Jewsbury,04/30/2025,East,CAD,$4822,0.51
263,COOPER,Chessill,05/01/2025,South,EUR,$214,0.8
264,AERIEL,Kitchin,02/18/2026,North,EUR,$2464,0.89
265,SADELLA,Rycroft,07/10/2025,West,EUR,$3093,0.93
266,SIANNA,Lansly,07/10/2025,West,USD,$1070,1.06
267,ARTEMAS,Perkins,08/17/2025,North,USD,$1999,1.03
268,JON,Reihm,12/10/2025,South,USD,$2286,1.08
269,CRYSTIE,Threadgall,06/16/2025,North,CAD,$745,0.6
270,KIRSTIN,Tremmel,03/17/2025,West,EUR,$2673,1.13
271,THERESITA,Diack,07/21/2025,North,EUR,$1765,0.77
272,MICKEY,Donaldson,07/08/2025,West,USD,$4619,0.84
273,CLAIBORN,,01/11/2026,East,CAD,$1621,0.9
274,RAYNA,Jankovic,10/23/2025,West,EUR,$3545,0.7
275,TUDOR,Gristhwaite,08/04/2025,West,EUR,$3499,0.72
276,JOSH,Barfford,05/08/2025,West,CAD,$4807,0.91
277,COZMO,Aylmore,04/13/2025,South,USD,$1083,0.53
278,BREENA,Billam,02/04/2026,West,USD,$4818,0.69
279,CATERINA,Aronovich,08/16/2025,East,CAD,$3839,1.12
280,WAT,Karus,02/19/2026,West,USD,$692,0.68
281,CORBIN,Blainey,07/14/2025,South,CAD,$2023,1.13
282,REINHARD,Hadlington,04/21/2025,North,USD,$4839,1.1
283,HERMIA,Simonelli,03/08/2025,East,EUR,$3215,0.59
284,SHEEREE,Trighton,02/06/2026,South,EUR,$3121,1.07
285,DEAN,Franey,06/21/2025,East,USD,$1259,0.62
286,TOMA,Adamsen,12/22/2025,North,USD,$3318,1.08
287,GIRALDA,Quadrio,03/10/2025,South,CAD,$1235,1.07
288,CORRIANNE,Rollings,06/04/2025,North,EUR,$2038,1.01
289,RUBE,Klimecki,12/24/2025,South,EUR,$197,1.19
290,HILARIO,Bullivant,12/07/2025,West,EUR,$1897,0.99
291,TRIPP,Cantero,05/10/2025,East,EUR,$3194,0.82
292,ZORINA,McIlrath,07/16/2025,East,USD,$2083,1.1
293,PEG,Ferriby,02/02/2026,South,USD,$4313,0.75
294,CORNELIA,Moretto,10/25/2025,East,USD,$1803,0.66
295,SOL,Humbatch,07/26/2025,North,EUR,$2617,0.56
296,CHRISTAN,,03/13/2025,South,USD,$1803,0.59
297,CLEM,Bough,11/29/2025,South,EUR,$4258,0.71
298,SHELDEN,Lahy,02/23/2025,West,CAD,$4526,0.88
299,TANA,,05/26/2025,South,EUR,$1194,1.15
300,GAYLEEN,Lavalde,03/23/2025,South,CAD,$541,0.5
301,DELMORE,,05/16/2025,North,EUR,$1822,0.64
302,JAKOB,Barthelemy,07/08/2025,North,CAD,$1591,0.78
303,DANILA,Boyat,12/17/2025,West,EUR,$125,1.06
304,NOLIE,Cerro,02/04/2026,South,USD,$2847,0.62
305,MARNA,Nibley,10/26/2025,North,EUR,$1227,0.99
306,SALLEE,Franklen,01/08/2026,North,EUR,$532,0.86
307,MORGANA,Sheehan,11/16/2025,North,USD,$1039,0.68
308,CORRY,MacCaughan,07/01/2025,East,EUR,$2022,0.85
309,JACKSON,Glavin,01/02/2026,South,EUR,$4671,0.56
310,MELLIE,Nisard,11/02/2025,North,EUR,$2462,0.86
311,SHEELA,Folkerts,01/27/2026,South,EUR,$1943,1.02
312,FRANCHOT,Cholmondeley,11/08/2025,South,EUR,$1729,0.51
313,TIFFY,Janczak,04/11/2025,South,EUR,$1038,0.55
314,CASE,Fendt,07/30/2025,South,EUR,$3509,0.86
315,CONRADE,Jendas,02/23/2025,North,USD,$4863,0.87
316,ABBEY,O'Lehane,12/02/2025,South,USD,$3665,1.01
317,JANIFER,Mawditt,12/30/2025,South,CAD,$1261,1.02
318,THEADORA,Dilley,01/22/2026,South,EUR,$1653,1.15
319,GINNI,,09/16/2025,West,CAD,$2770,0.99
320,MARLEE,McCarty,08/09/2025,West,CAD,$786,1.01
321,LIBBIE,Avann,04/05/2025,East,USD,$2217,1.1
322,ALFIE,Baccas,07/11/2025,West,EUR,$4564,0.84
323,DAISY,Polo,07/30/2025,North,USD,$3158,0.66
324,BIDDIE,Orritt,04/07/2025,South,CAD,$4681,1.06
325,GOLDY,Wickling,03/04/2025,North,EUR,$4693,1.09
326,CARLEY,Sallings,12/13/2025,East,CAD,$3228,0.9
327,GEOFFRY,Winchurst,10/13/2025,West,CAD,$4678,0.77
328,AMORY,Cheavin,10/13/2025,North,USD,$3328,0.58
329,MODESTIA,MacKeeg,11/27/2025,West,USD,$2282,0.61
330,BALE,Postians,04/12/2025,East,EUR,$3132,0.96
331,MARIGOLD,Honatsch,11/18/2025,South,EUR,$2326,0.97
332,MICHAELINE,Dello,02/26/2025,West,USD,$4151,0.93
333,LELAH,Furby,06/26/2025,South,EUR,$4436,0.81
334,NANCE,Gopsall,08/22/2025,West,CAD,$3950,0.71
335,HAYDON,Slowey,03/20/2025,East,EUR,$516,0.94
336,KRISTYN,Ragbourn,09/28/2025,East,USD,$981,0.96
337,MARCY,Wellesley,04/07/2025,South,CAD,$3574,0.61
338,RAMONDA,,04/15/2025,South,CAD,$4786,0.88
339,VALENTINE,Brennan,09/29/2025,North,USD,$1257,0.58
340,MICKY,Goodsir,11/21/2025,North,EUR,$1124,0.69
341,KORE,Powton,09/18/2025,West,USD,$4548,1.16
342,AMABEL,,05/10/2025,East,CAD,$1227,0.61
343,KEVIN,Noot,01/10/2026,North,CAD,$4361,1.03
344,MORGANNE,Jacobovitz,01/15/2026,West,EUR,$2963,1.04
345,DIETRICH,Twentyman,04/02/2025,East,CAD,$1300,0.78
346,JOSEPH,Brimson,11/09/2025,East,EUR,$245,0.74
347,AMARA,Hyde-Chambers,11/29/2025,West,EUR,$617,0.71
348,ARMAN,Gartrell,04/04/2025,North,EUR,$3711,0.97
349,REINHOLD,Chinnock,02/11/2026,East,USD,$4166,1.12
350,PETER,Lyosik,10/14/2025,East,USD,$260,1.03
351,KENN,St. Louis,10/22/2025,West,CAD,$206,0.72
352,KAROL,Kingdon,08/30/2025,North,CAD,$212,0.72
353,EVELINA,Paquet,06/20/2025,North,USD,$4080,1.04
354,COLLIE,Linturn,10/08/2025,North,CAD,$4955,0.94
355,GAEL,Chippindall,10/09/2025,South,EUR,$3426,0.79
356,BRITTAN,Barnby,09/01/2025,South,USD,$2510,0.66
357,JACKIE,Drakard,08/28/2025,East,USD,$4209,1.0
358,TANSY,Mithon,09/06/2025,North,EUR,$3539,0.69
359,LINC,Lampet,04/06/2025,North,CAD,$3864,0.63
360,DELILAH,Cudmore,10/06/2025,West,USD,$1015,0.52
361,GILEMETTE,Pavlov,02/25/2025,North,CAD,$1612,0.66
362,WAIT,Ilyinykh,03/07/2025,East,EUR,$1784,0.84
363,BASILIO,Davidzon,06/27/2025,East,USD,$4730,0.51
364,JANICE,Beale,05/19/2025,East,USD,$2543,1.16
365,BRODY,Luppitt,11/08/2025,East,USD,$1802,1.19
366,GIANNI,Courson,10/03/2025,North,USD,$1475,0.99
367,OLENKA,Vlahos,08/15/2025,West,USD,$393,0.6
368,DOROTHEA,Trehearn,01/26/2026,South,USD,$3051,0.64
369,RENEE,Grzegorzewicz,10/10/2025,East,USD,$4301,1.17
370,DEMETER,Mallison,11/10/2025,East,USD,$4101,0.58
371,HILARY,Picken,12/01/2025,East,USD,$400,0.91
372,STEPHANI,Puckrin,05/30/2025,North,USD,$4599,0.67
373,SHANDY,Itshak,03/09/2025,West,USD,$2220,0.88
374,ALVINIA,,05/30/2025,South,USD,$3106,0.96
375,GLENNIS,MacMichael,09/22/2025,North,USD,$4451,0.95
376,TOBY,Overall,12/09/2025,East,USD,$4109,0.99
377,SALOMI,Hewins,11/08/2025,South,CAD,$3807,0.85
378,MIRABEL,Colgrave,09/20/2025,North,EUR,$2356,1.08
379,RAYE,Jakovijevic,11/22/2025,West,CAD,$2264,0.75
380,JOHNA,Ragles,07/05/2025,North,USD,$4587,0.72
381,HOMERE,Deluce,10/19/2025,North,USD,$4665,0.77
382,ELY,Jakel,01/01/2026,East,USD,$4834,0.7
383,BUNNIE,Attack,12/03/2025,West,EUR,$591,0.78
384,ALEXANDR,Trustram,11/14/2025,West,USD,$1822,0.91
385,CARROLL,Clover,11/01/2025,North,USD,$1741,1.11
386,DIANE,Belitz,09/24/2025,West,CAD,$2558,0.51
387,VINITA,Luckhurst,12/24/2025,West,EUR,$1801,0.52
388,HOLDEN,Castelijn,03/17/2025,West,USD,$2977,1.01
389,KEEFER,Girardini,02/25/2025,West,USD,$2863,1.13
390,JANIS,Salkild,06/04/2025,South,EUR,$2438,1.01
391,EZRI,MacChaell,02/02/2026,East,CAD,$4943,1.1
392,FLORY,Olford,09/15/2025,North,EUR,$4151,0.52
393,IDALINE,Wibberley,05/23/2025,South,EUR,$264,0.57
394,RANDIE,Battle,09/27/2025,North,CAD,$4275,0.73
395,NONIE,Dentith,01/31/2026,North,EUR,$4084,0.56
396,AURORE,Shurlock,08/12/2025,North,CAD,$2590,0.84
397,CLAYBOURNE,Belcham,10/13/2025,North,CAD,$4406,0.93
398,ORALLE,Suddards,07/13/2025,North,CAD,$2652,0.78
399,ASHLA,Couronne,05/27/2025,West,CAD,$4964,0.95
400,MAX,McTeague,05/29/2025,West,USD,$790,1.16
401,CONWAY,Ciardo,05/24/2025,East,USD,$1067,0.73
402,SAY,Trematick,07/10/2025,West,CAD,$2561,0.53
403,GENA,Cuell,12/10/2025,East,USD,$2672,0.88
404,MELANY,MacCauley,07/11/2025,South,CAD,$4180,0.53
405,DORIE,Kira,07/09/2025,East,CAD,$1258,0.92
406,EGON,Dowles,08/11/2025,South,USD,$1949,0.76
407,SHAWNEE,Lannon,04/01/2025,South,CAD,$1906,0.68
408,MARIELLEN,Paynton,09/01/2025,East,EUR,$4612,0.81
409,FARRIS,Borborough,04/16/2025,North,CAD,$4001,0.92
410,CHRYSA,Coonan,05/04/2025,West,USD,$3820,0.68
411,MASON,Antoniottii,07/11/2025,West,CAD,$1077,1.01
412,CINDY,Wybron,06/09/2025,West,USD,$645,0.58
413,FIONNA,Medling,08/16/2025,South,EUR,$1837,0.52
414,GAVAN,Bottomley,01/24/2026,South,USD,$3468,1.1
415,DELCINA,Wellfare,07/07/2025,South,CAD,$1843,0.74
416,EMELINA,,11/01/2025,East,EUR,$370,0.8
417,CLARK,Konzelmann,01/03/2026,West,EUR,$4599,0.61
418,NALANI,Danick,08/04/2025,North,EUR,$1912,0.59
419,ARTY,Forge,01/22/2026,North,EUR,$2286,0.87
420,RAVEN,Wein,06/26/2025,North,CAD,$356,0.92
421,INEZ,Gerler,03/16/2025,South,CAD,$2019,1.13
422,VIRGINA,Ruoss,03/16/2025,East,EUR,$1424,0.98
423,DEVORA,Duckerin,06/02/2025,North,CAD,$1710,0.95
424,GELYA,,09/17/2025,South,CAD,$3476,0.64
425,BRANDI,Wilsey,06/07/2025,South,CAD,$3809,1.15
426,ODELIA,Hully,08/14/2025,North,CAD,$3170,1.04
427,MARYELLEN,Avesque,12/03/2025,West,EUR,$2009,0.61
428,CONAN,,02/04/2026,East,CAD,$2627,0.97
429,CALLEAN,Dandy,02/19/2026,East,USD,$838,0.78
430,BIRCH,Howett,06/28/2025,East,EUR,$1672,0.78
431,LONI,Osanne,07/04/2025,North,USD,$3573,0.86
432,NOBE,Pendry,02/07/2026,West,EUR,$4898,0.89
433,BERYL,Tattersdill,10/10/2025,East,USD,$330,0.51
434,CAROLINA,Skep,12/12/2025,West,EUR,$3090,0.94
435,EMMERICH,Spataro,09/06/2025,North,CAD,$3487,0.53
436,ALIE,Korlat,12/10/2025,West,USD,$3874,0.87
437,KATHRINE,Rickeard,02/10/2026,West,USD,$1414,0.6
438,MELISANDRA,Krauze,12/06/2025,South,CAD,$4099,0.94
439,GIB,Goodbourn,07/21/2025,East,USD,$4579,0.83
440,IRV,Pennino,01/03/2026,North,CAD,$550,0.88
441,SCOT,Charge,04/25/2025,East,CAD,$1088,0.66
442,CARLYE,Pietraszek,06/24/2025,West,USD,$3637,0.98
443,LAURENS,Guion,03/21/2025,North,EUR,$1421,0.88
444,SIGFRIED,Stidson,09/21/2025,North,EUR,$4540,0.56
445,PAULY,Gillivrie,04/22/2025,South,USD,$3589,0.84
446,MELINDE,Tremethack,09/20/2025,West,CAD,$2915,0.54
447,JOBEY,Seilmann,12/05/2025,West,CAD,$1893,0.52
448,PAULY,Pabst,11/14/2025,South,CAD,$3990,0.78
449,BELLINA,McMeeking,11/15/2025,East,CAD,$2002,0.92
450,WALLAS,Diperaus,01/04/2026,North,EUR,$3937,1.05
451,ADELA,Kenward,05/11/2025,South,USD,$2352,0.79
452,REINA,Cornbill,01/27/2026,South,EUR,$2402,0.91
453,ALMIRE,Floodgate,06/12/2025,West,USD,$2723,1.07
454,MARSHALL,McCoid,05/11/2025,West,USD,$4779,0.94
455,NICOLAI,Mourant,08/30/2025,West,CAD,$4964,0.79
456,CHLOE,Sarsfield,01/10/2026,West,USD,$3215,0.62
457,KILIAN,McGorman,01/15/2026,North,CAD,$4893,1.03
458,RANIQUE,Phillipson,02/07/2026,South,CAD,$591,1.05
459,LOREEN,Averill,03/20/2025,North,EUR,$4585,1.06
460,VITA,Gavahan,01/12/2026,East,EUR,$1714,1.02
461,MERRY,Bellson,08/11/2025,West,CAD,$3153,1.06
462,DALT,Begbie,05/14/2025,North,CAD,$2599,0.93
463,CHRISTYNA,O'Lunney,12/07/2025,East,CAD,$1090,0.53
464,HALEY,Rhucroft,02/28/2025,North,USD,$2489,1.14
465,ROMAN,Bianco,07/15/2025,North,EUR,$4868,0.83
466,ISACCO,Gammage,09/22/2025,East,EUR,$127,0.97
467,RENELL,Housegoe,09/09/2025,West,EUR,$4630,0.77
468,EDY,Coom,11/10/2025,North,USD,$1579,1.06
469,CHANE,Van Arsdall,05/18/2025,North,CAD,$1703,0.56
470,LOTTI,McCloy,12/26/2025,North,CAD,$1555,1.11
471,MICKY,Richardes,06/26/2025,East,EUR,$514,1.16
472,CARLYLE,,06/05/2025,West,EUR,$1219,0.74
473,ELNA,McLise,09/21/2025,South,CAD,$2202,0.81
474,LOREN,De Witt,05/23/2025,East,EUR,$1939,0.53
475,EBENESER,McCandie,06/02/2025,East,EUR,$108,0.75
476,LEOINE,Necolds,01/23/2026,North,CAD,$2130,0.53
477,VALLY,Quarless,04/08/2025,West,CAD,$3190,0.84
478,ZARLA,Cesco,08/29/2025,West,EUR,$4611,0.59
479,CLINT,Lornsen,04/30/2025,West,EUR,$786,0.63
480,MARYANN,,05/10/2025,South,CAD,$1682,0.94
481,JUDITHA,Mougin,05/21/2025,East,EUR,$1340,0.92
482,DOT,Olyet,05/21/2025,East,CAD,$4125,0.85
483,KORELLA,,07/24/2025,West,EUR,$4749,0.93
484,FAUSTINE,Straine,12/10/2025,West,EUR,$3700,0.85
485,CECILE,Shane,08/27/2025,South,EUR,$2413,0.92
486,GODFRY,Eade,09/06/2025,East,CAD,$1916,1.11
487,ARABELA,Stiffell,11/17/2025,West,EUR,$1942,0.74
488,DEONNE,Papps,04/11/2025,South,CAD,$4814,0.74
489,KALLE,Waight,09/14/2025,West,EUR,$4082,1.16
490,BRITA,Artin,05/17/2025,South,USD,$2517,0.51
491,GAWEN,Bartoszinski,02/21/2026,East,CAD,$4863,0.56
492,PINCUS,Trubshaw,11/05/2025,South,USD,$564,0.97
493,KATALIN,Ruslen,02/28/2025,South,CAD,$3254,1.11
494,ANDI,Farguhar,07/01/2025,South,USD,$2413,1.12
495,TIMOTHEE,De Santos,02/04/2026,North,CAD,$1724,0.9
496,MUFI,Peasgood,09/16/2025,West,USD,$4978,0.75
497,ILENE,Thomesson,10/26/2025,South,CAD,$3714,0.5
498,SIMMONDS,Fleg,07/04/2025,West,CAD,$1941,0.77
499,LODOVICO,Ollivierre,09/09/2025,South,EUR,$4844,0.7
500,JILLANA,Screech,03/27/2025,North,CAD,$4802,1.02
501,MELICENT,Scoles,09/21/2025,South,EUR,$834,0.95
502,ELISABETH,Schade,05/28/2025,West,USD,$1094,0.54
503,CLEON,Beton,11/07/2025,West,EUR,$2499,0.6
504,ORALEE,Bruhnsen,03/04/2025,East,EUR,$4758,0.68
505,BIANKA,Cope,02/23/2025,South,CAD,$989,1.09
506,SCOTT,Grzegorecki,08/05/2025,East,CAD,$533,1.09
507,FANIA,Timby,04/23/2025,West,USD,$237,1.01
508,ISABELLE,Edwinson,07/13/2025,West,EUR,$2971,0.59
509,SOPHRONIA,Boullin,05/20/2025,North,EUR,$4743,0.54
510,DOMINIC,Meijer,06/19/2025,East,EUR,$3100,0.71
511,GEORGIA,Clutton,10/01/2025,West,EUR,$3162,0.7
512,MATELDA,Skillitt,09/08/2025,South,EUR,$3194,0.59
513,PAMELINA,Eddowis,11/09/2025,North,EUR,$324,1.0
514,DELANEY,Ludewig,03/21/2025,West,EUR,$1392,1.0
515,MERCY,Keford,09/14/2025,South,EUR,$2641,1.14
516,DORELIA,Longhirst,01/17/2026,East,CAD,$3369,0.94
517,MARION,Garthland,06/14/2025,West,USD,$1558,0.75
518,LLYWELLYN,Worsam,11/25/2025,North,CAD,$4598,0.56
519,PATSY,Shellsheere,05/14/2025,West,CAD,$1723,0.71
520,MARNEY,Beisley,12/19/2025,East,USD,$4782,0.52
521,DUKE,Cornborough,03/29/2025,South,EUR,$1206,0.59
522,TIMMI,Maase,12/08/2025,West,USD,$717,0.75
523,DAMIAN,Lippiett,01/21/2026,South,EUR,$1276,1.14
524,ELDON,Senussi,09/28/2025,East,CAD,$4217,0.64
525,HARMAN,Rosenbarg,12/31/2025,South,EUR,$4604,0.75
526,HEIDIE,Gonin,12/08/2025,North,EUR,$3956,0.91
527,VONNI,Bert,01/18/2026,South,CAD,$3223,0.53
528,RYCCA,Cheesley,03/07/2025,East,CAD,$4828,0.91
529,ROSINA,Mil,03/23/2025,South,USD,$3788,1.05
530,PENNY,Derle,10/14/2025,East,USD,$4578,1.19
531,EKATERINA,,09/27/2025,South,EUR,$2575,1.09
532,RORIE,,07/30/2025,North,CAD,$4819,1.15
533,JOELL,,01/30/2026,South,CAD,$4569,1.18
534,OLLIE,Rouzet,02/13/2026,East,USD,$3800,1.1
535,LOUIE,Bolton,06/26/2025,North,USD,$4966,0.66
536,MONIQUE,Heningam,07/26/2025,South,EUR,$2622,0.52
537,JARRED,McDyer,01/28/2026,South,EUR,$3825,0.55
538,NOELANI,Tregenna,05/06/2025,West,USD,$2600,0.72
539,PORTIA,Proudley,06/12/2025,South,EUR,$4679,0.6
540,CRISSIE,Moxham,04/24/2025,East,EUR,$438,0.92
541,TAM,Sarge,03/31/2025,South,USD,$2767,1.0
542,HILARIUS,Lade,09/08/2025,North,USD,$1025,0.72
543,RUPERTO,Vittery,12/16/2025,South,EUR,$616,1.1
544,CECILIA,Andersen,07/13/2025,East,CAD,$1873,1.09
545,DESMUND,Abela,12/24/2025,East,CAD,$2099,1.01
546,SONNI,Mogra,03/16/2025,North,EUR,$3264,1.1
547,GREGORIUS,Padilla,01/16/2026,East,CAD,$4212,1.12
548,SALLEE,Challinor,10/05/2025,East,USD,$4712,0.84
549,LORANT,Ibel,11/19/2025,North,USD,$2624,0.57
550,MADELENE,Adamiak,07/01/2025,North,EUR,$2695,0.75
551,SONNY,Fazan,09/21/2025,South,USD,$955,0.64
552,KENDELL,Pratley,12/08/2025,West,CAD,$2258,0.85
553,MADELINE,Gaskin,04/07/2025,East,EUR,$649,1.04
554,RANDOLPH,Woolveridge,03/19/2025,West,CAD,$3946,0.84
555,JENA,Proudman,08/11/2025,West,CAD,$767,0.57
556,RAYNER,Fernier,06/13/2025,East,USD,$2989,0.69
557,RAFFARTY,MacWhan,07/26/2025,North,EUR,$4110,1.13
558,JUSTUS,Trenholm,02/17/2026,South,USD,$1081,0.7
559,ANGELIQUE,Handover,12/09/2025,South,CAD,$2988,0.53
560,CORLISS,Wisniowski,12/12/2025,South,EUR,$4523,0.66
561,CHRYSLER,Semarke,03/12/2025,West,EUR,$4211,0.95
562,NANON,Wesley,08/27/2025,East,USD,$3954,0.54
563,LANE,Allbon,01/30/2026,West,CAD,$4877,0.67
564,BERKELEY,Baline,01/11/2026,West,USD,$2646,0.99
565,CHICKY,Bortolini,02/24/2025,West,CAD,$1339,1.19
566,INES,Eakeley,03/01/2025,South,EUR,$4159,0.54
567,KEVON,Reddin,09/25/2025,East,EUR,$3938,0.56
568,GRISSEL,Sherbrooke,07/11/2025,East,EUR,$392,1.13
569,CANDIS,Coltart,06/19/2025,North,USD,$1543,0.63
570,NIKOLAOS,Huguenet,03/08/2025,East,EUR,$1011,0.59
571,CECIL,Vasyaev,12/27/2025,South,CAD,$215,0.93
572,KERMY,Swale,10/08/2025,North,CAD,$1991,0.79
573,HEIDA,Troutbeck,08/14/2025,West,CAD,$909,0.99
574,JANETTA,Clamo,05/21/2025,North,CAD,$278,0.82
575,ALEXIO,Chessel,03/08/2025,South,EUR,$4893,0.7
576,MERWIN,Oertzen,03/26/2025,North,USD,$1149,1.16
577,CATRINA,Sherrington,06/13/2025,South,EUR,$3067,1.13
578,MARYA,Delort,01/23/2026,North,CAD,$3993,0.94
579,BENSON,Boddam,03/06/2025,West,CAD,$1096,0.67
580,BONNEE,,06/28/2025,North,CAD,$368,0.75
581,CULLIE,Noddings,11/21/2025,East,EUR,$4776,0.62
582,KERK,Mahaffey,03/02/2025,North,USD,$3025,0.69
583,TADD,Durrance,08/11/2025,South,USD,$3642,0.89
584,JOHNA,Friedenbach,03/06/2025,South,CAD,$3900,0.88
585,GARE,Reynold,10/07/2025,East,EUR,$1002,1.03
586,CRIN,Cockrill,05/14/2025,South,USD,$4197,0.66
587,BERNICE,Rowlett,12/10/2025,North,USD,$1841,0.84
588,REYNOLDS,Bennie,04/04/2025,East,EUR,$2667,1.17
589,GUI,Branigan,12/18/2025,East,EUR,$3844,0.66
590,ANGELIA,Grandison,01/27/2026,East,CAD,$2820,0.84
591,GATES,Barrim,10/09/2025,West,USD,$4187,0.63
592,AYN,Sulman,04/28/2025,North,CAD,$1174,0.69
593,SCARLET,Warrior,08/26/2025,West,CAD,$2856,0.92
594,EPHREM,Panichelli,06/25/2025,South,CAD,$1822,0.59
595,SYBILLE,,01/20/2026,South,USD,$4519,0.97
596,NATTY,Januszewski,05/29/2025,North,CAD,$4937,0.55
597,ALLAYNE,Filpo,04/17/2025,North,CAD,$671,0.63
598,DRU,Sennett,09/14/2025,North,CAD,$3387,0.69
599,CHARMION,Gerssam,06/13/2025,South,CAD,$1258,0.89
600,LYDIA,Wellan,01/12/2026,North,USD,$1084,0.72
601,NIALL,Totaro,10/24/2025,West,USD,$4514,1.15
602,HAZE,Crates,01/27/2026,West,EUR,$914,0.95
603,VALLY,Herion,04/17/2025,North,EUR,$3777,0.54
604,AURELEA,Potts,10/18/2025,North,USD,$4496,0.69
605,MACE,Dellow,09/22/2025,South,USD,$1705,0.74
606,LEONIDAS,,08/17/2025,North,EUR,$404,0.8
607,CECILEY,Shortan,09/12/2025,West,USD,$3608,0.84
608,TALLIA,O'Logan,09/22/2025,East,EUR,$1008,0.83
609,ANNADIANA,Raithbie,07/04/2025,North,CAD,$1045,0.8
610,OLIVETTE,Dowthwaite,07/06/2025,East,USD,$3122,0.55
611,SHANA,Tape,07/08/2025,East,USD,$3506,0.63
612,DARBY,Youtead,10/10/2025,South,CAD,$2712,0.73
613,AMELIA,Christensen,12/10/2025,South,USD,$1109,0.51
614,SEWARD,Dy,08/01/2025,North,USD,$4088,0.64
615,JAY,Kleinhaus,09/05/2025,West,EUR,$1186,1.08
616,PHILBERT,Burroughes,03/17/2025,South,CAD,$1691,1.18
617,LETHIA,Daynter,07/19/2025,East,CAD,$1469,0.77
618,SHANDEE,Derobert,09/24/2025,East,USD,$4308,0.91
619,ENRIQUETA,Fosserd,10/25/2025,East,EUR,$2870,0.85
620,AUDREY,Evanson,08/15/2025,South,USD,$1165,1.17
621,DAWNA,Entwhistle,03/01/2025,South,USD,$1988,1.07
622,ANITRA,Pickavant,05/17/2025,North,EUR,$4881,0.96
623,JULIANE,Pareman,04/20/2025,South,CAD,$1058,1.11
624,ANNABAL,Heasley,01/28/2026,West,EUR,$1311,0.8
625,ZELIG,Basant,05/02/2025,East,USD,$4857,0.58
626,AUBREY,Pley,03/02/2025,East,USD,$1279,1.09
627,SEYMOUR,Amberson,06/17/2025,South,EUR,$1351,0.7
628,WANG,Blabie,05/04/2025,North,EUR,$4084,0.84
629,CAMI,Tallis,02/23/2025,North,USD,$1636,0.6
630,CATHLENE,Grundey,01/13/2026,West,USD,$3782,1.08
631,LYNNETT,Locarno,06/06/2025,West,CAD,$4930,0.6
632,ISIDORO,,03/02/2025,West,EUR,$782,0.88
633,KATYA,Hovie,08/20/2025,East,USD,$555,0.72
634,BRYON,Shivlin,10/16/2025,South,EUR,$232,0.98
635,MEGGY,Bottoner,03/13/2025,East,EUR,$290,0.66
636,WARDEN,Dufour,10/07/2025,South,CAD,$2713,0.73
637,GABBI,Treacher,06/18/2025,North,EUR,$460,0.55
638,TANDY,Kenny,09/20/2025,West,CAD,$684,0.78
639,IRMA,Kelloch,10/26/2025,North,CAD,$4100,0.84
640,GUTHRIE,Luxmoore,05/02/2025,North,EUR,$1796,0.66
641,GUNAR,Ottewill,07/12/2025,South,USD,$4062,0.53
642,ALMIRE,Tettersell,07/24/2025,North,USD,$1905,0.51
643,JUNETTE,,07/17/2025,West,USD,$3129,0.97
644,AB,Bowne,06/08/2025,West,USD,$1856,0.51
645,TRISHA,Jallin,06/01/2025,South,EUR,$3931,0.87
646,VALERYE,Nulty,09/07/2025,West,CAD,$1155,0.57
647,BENYAMIN,Crookshanks,04/14/2025,West,USD,$4380,0.83
648,CLY,Larkins,01/09/2026,West,CAD,$2892,0.98
649,LAURA,Plesing,04/28/2025,North,EUR,$1532,0.77
650,MIMI,Narey,05/24/2025,South,EUR,$4301,0.93
651,RODRIQUE,McKerton,09/26/2025,North,USD,$3395,1.09
652,BOYCEY,Frisel,08/29/2025,West,USD,$2745,0.87
653,EMALEE,Binder,06/18/2025,North,EUR,$4007,1.03
654,AUDI,Coleshill,03/13/2025,North,EUR,$3634,0.8
655,EMERY,,11/15/2025,North,CAD,$3819,1.06
656,DIAHANN,Domoney,08/24/2025,West,USD,$1415,0.85
657,MIRABELLA,Ernshaw,03/18/2025,North,CAD,$3590,1.04
658,CHANCE,Fatkin,02/13/2026,North,USD,$4582,0.58
659,CARROLL,Mulbery,10/31/2025,South,CAD,$439,1.11
660,SHARRON,Wooton,03/19/2025,East,EUR,$4121,1.14
661,CRISSIE,Bagwell,08/31/2025,North,CAD,$432,0.53
662,LANE,Ryam,03/08/2025,West,CAD,$1250,0.79
663,CONSUELO,MacIntyre,08/14/2025,East,EUR,$2416,1.14
664,STACEE,Edlestone,12/11/2025,East,EUR,$3060,0.88
665,RIVI,Cleminshaw,02/20/2026,West,USD,$1244,1.11
666,CHAD,Roots,05/17/2025,North,USD,$423,0.81
667,CLAYTON,Baglan,01/24/2026,North,CAD,$2549,0.57
668,WESTON,Rablin,04/14/2025,East,CAD,$2996,0.93
669,PUTNEM,Pim,09/22/2025,West,EUR,$2175,1.06
670,ALLISTIR,Cureton,10/08/2025,South,USD,$2148,0.8
671,HEWE,Bulluck,04/28/2025,East,USD,$2885,0.96
672,HAMNET,McKerlie,09/25/2025,South,CAD,$4970,0.6
673,CLEM,Ayerst,09/27/2025,North,USD,$3666,0.98
674,AINDREA,Winnett,11/28/2025,North,USD,$2350,0.84
675,DELANO,Touhig,05/28/2025,South,USD,$2486,0.84
676,DARON,Tiltman,01/01/2026,East,CAD,$2665,1.09
677,MELESSA,Duran,07/25/2025,West,USD,$3215,0.74
678,NICOLAIS,Affron,06/14/2025,West,CAD,$3165,0.56
679,RANDA,,12/21/2025,North,USD,$199,0.84
680,LOCK,Tibbits,09/07/2025,West,EUR,$4854,0.83
681,THERESINA,Hawlgarth,05/22/2025,North,EUR,$1651,0.8
682,CYNTHIE,Bendelow,03/17/2025,North,EUR,$3317,0.71
683,MARIQUILLA,Claeskens,11/30/2025,North,USD,$586,0.59
684,MILISSENT,Curston,07/25/2025,North,CAD,$2434,1.09
685,ETHELDA,Halsho,01/26/2026,East,USD,$4990,0.75
686,JOCELINE,Speedin,08/05/2025,East,CAD,$1942,0.64
687,BEATRISA,Orrice,06/08/2025,North,EUR,$289,1.13
688,CANDIDA,Madgwick,07/03/2025,West,CAD,$1234,0.98
689,GERTRUD,Gorthy,06/19/2025,North,USD,$4142,0.54
690,LORALYN,Gibbens,04/19/2025,South,CAD,$560,1.11
691,BRYNA,Painten,12/31/2025,East,USD,$4295,0.7
692,MERSEY,Imlin,09/14/2025,West,EUR,$2730,0.55
693,JOSI,Locker,11/06/2025,West,USD,$1266,1.15
694,COLEMAN,Butt,07/23/2025,East,EUR,$3767,1.04
695,WILHELMINA,Hercock,10/10/2025,North,EUR,$4039,0.69
696,ARLAN,Tolchar,05/20/2025,West,EUR,$3270,1.06
697,AGNESE,Baike,10/21/2025,West,CAD,$4134,1.1
698,GUNTAR,L' Anglois,10/25/2025,East,CAD,$2945,0.72
699,LUCILIA,Arnholz,11/08/2025,South,USD,$4068,0.53
700,INGRAM,Balston,07/15/2025,West,USD,$3938,1.14
701,KENDELL,Behnecken,06/30/2025,West,EUR,$1591,0.67
702,GIPSY,Matyja,08/06/2025,South,EUR,$4978,1.1
703,MARISSA,Presslee,09/27/2025,East,USD,$1677,0.66
704,JORDANA,Dengel,11/30/2025,East,EUR,$1771,1.0
705,CATHI,Kiraly,10/21/2025,North,USD,$3527,0.92
706,JOSEY,Vasilkov,12/19/2025,East,CAD,$3064,0.74
707,CALE,Bellas,02/18/2026,West,CAD,$4884,0.7
708,ROSSIE,Woolham,08/08/2025,West,CAD,$992,1.13
709,REYNARD,Fine,04/06/2025,East,CAD,$4122,0.71
710,GREGOIRE,Maker,05/16/2025,North,USD,$1315,0.7
711,PATTIE,Freckleton,02/15/2026,North,USD,$1358,0.61
712,JORRIE,Lamonby,08/31/2025,West,USD,$1255,0.88
713,FREDEK,Bette,10/30/2025,East,CAD,$1404,0.87
714,BAYARD,Carlett,11/16/2025,East,USD,$4243,0.78
715,SIMONE,,06/27/2025,South,CAD,$4114,0.58
716,JARRED,Blaby,09/17/2025,North,EUR,$3526,1.17
717,ERIE,De Domenici,08/31/2025,South,EUR,$3536,0.63
718,ROWENA,Rosle,11/19/2025,North,USD,$912,1.18
719,PAULO,Alvey,06/17/2025,North,USD,$3966,1.0
720,TOBIE,Papes,06/15/2025,East,USD,$1245,0.87
721,PERICE,Chilcotte,05/16/2025,South,EUR,$1219,0.74
722,FREDDIE,Fishburn,11/04/2025,West,CAD,$4332,0.64
723,BEVERIE,Flay,09/21/2025,East,EUR,$3877,0.96
724,ROCKY,Swafield,02/27/2025,East,EUR,$810,0.84
725,EMMETT,Snel,04/08/2025,North,CAD,$4940,0.99
726,CATHLENE,Kellet,09/20/2025,South,USD,$1500,1.19
727,JAQUENETTA,Speer,09/06/2025,South,CAD,$3855,1.05
728,PEADAR,Vaszoly,07/14/2025,West,USD,$1673,0.5
729,ENOS,Stonestreet,07/13/2025,West,CAD,$2493,0.83
730,NIVEN,Wagner,07/13/2025,South,CAD,$708,0.76
731,BELLE,Tennock,04/26/2025,South,USD,$2282,0.57
732,HUNT,Feldmesser,11/27/2025,East,CAD,$4457,0.73
733,LIANNA,MacElholm,12/05/2025,West,CAD,$4423,0.99
734,CORTY,Horstead,06/03/2025,North,USD,$1309,0.53
735,ANNE,Culleton,01/30/2026,North,CAD,$3298,0.71
736,RAYCHEL,Kaiser,08/16/2025,South,CAD,$3228,0.5
737,ROZ,Penreth,06/10/2025,North,EUR,$2385,1.09
738,DOUGIE,Tremoille,06/13/2025,East,USD,$4206,0.76
739,FABIANO,Hagston,02/10/2026,East,CAD,$4145,0.72
740,NIKKI,Locksley,04/07/2025,West,CAD,$2967,0.61
741,VERNEN,Robertacci,08/13/2025,East,EUR,$4963,0.61
742,YASMEEN,Keelinge,04/25/2025,North,CAD,$4122,0.6
743,AMBROSE,Greatham,05/22/2025,South,EUR,$2671,1.07
744,MAUREENE,Raffan,12/25/2025,East,USD,$3736,0.97
745,MARCELO,Aisbett,04/08/2025,West,CAD,$993,1.0
746,ALEC,Baribal,09/13/2025,North,USD,$4583,0.84
747,FIONA,De Angelis,11/06/2025,East,EUR,$284,0.77
748,BRANDER,Strutton,05/01/2025,East,CAD,$973,0.79
749,LOVELL,Minette,03/21/2025,South,EUR,$1619,0.51
750,OLIVETTE,,01/05/2026,North,USD,$3513,0.58
751,RICKIE,Ivimy,03/27/2025,East,CAD,$1272,0.77
752,RAFAELA,Dalinder,02/02/2026,West,EUR,$2373,0.56
753,LOTTE,Crawshaw,05/18/2025,East,CAD,$1253,1.06
754,ROSABELLE,,03/23/2025,North,CAD,$1066,1.0
755,MICHEAL,Screech,03/23/2025,South,EUR,$3161,1.11
756,MATILDA,Vallantine,09/08/2025,East,USD,$4562,1.04
757,EDYTHE,de Guise,11/30/2025,West,USD,$1052,1.14
758,KELLY,Grier,05/05/2025,North,EUR,$2518,1.19
759,NIKO,De L'Isle,11/23/2025,East,CAD,$2116,0.79
760,GLYNN,Riediger,03/02/2025,North,EUR,$1246,0.8
761,CODI,Di Baudi,09/07/2025,East,USD,$4307,0.51
762,MARGALO,Beneyto,01/04/2026,South,EUR,$732,0.93
763,BALDWIN,Hunnisett,06/18/2025,East,CAD,$2132,0.64
764,PERRY,Yglesias,07/29/2025,East,EUR,$1952,0.79
765,LIZZY,Grimsdell,03/07/2025,East,EUR,$2349,1.05
766,SAUNDER,Baert,03/20/2025,West,EUR,$2666,1.18
767,JACQUES,Steedman,12/11/2025,South,EUR,$760,0.59
768,MEL,Bredes,09/28/2025,North,CAD,$1227,1.01
769,TADIO,Kanter,02/22/2025,North,CAD,$1587,0.67
770,CHERRY,McEntee,06/19/2025,South,USD,$3385,0.78
771,BRICE,Hearnah,05/26/2025,East,EUR,$4694,0.51
772,ALLYS,,04/15/2025,South,USD,$2686,0.57
773,CLARIBEL,Laminman,11/30/2025,West,USD,$3434,1.06
774,MIRABELLE,Belfrage,07/09/2025,North,EUR,$3058,0.59
775,REGGY,Loton,05/09/2025,West,USD,$3139,0.96
776,SELINE,Sellner,09/23/2025,South,EUR,$3747,0.97
777,BEV,Stapylton,09/22/2025,West,USD,$1783,0.85
778,ASHIA,Eshelby,05/21/2025,North,EUR,$1792,0.61
779,OBIDIAH,Few,01/09/2026,West,CAD,$187,1.07
780,FAUN,Bidwell,01/09/2026,South,CAD,$395,1.18
781,TAMQRAH,MacHoste,09/17/2025,South,EUR,$393,0.97
782,SPIKE,Burgoin,02/10/2026,South,EUR,$2976,1.1
783,BERNE,Rockingham,05/29/2025,West,USD,$1428,0.95
784,LYNDSEY,Benitez,10/24/2025,East,EUR,$4270,0.52
785,MERRIDIE,Crolla,12/26/2025,South,CAD,$2867,0.75
786,MARLON,Voaden,05/17/2025,West,USD,$2793,0.52
787,NESSI,Halling,11/24/2025,North,CAD,$923,0.94
788,TIMMY,Mandres,11/12/2025,South,CAD,$3106,1.09
789,AIME,Sivil,02/06/2026,East,EUR,$2647,0.86
790,AHMAD,Banford,10/03/2025,South,EUR,$849,0.7
791,JENNICA,,09/23/2025,West,USD,$2836,1.02
792,OLLIE,Roddick,06/25/2025,West,CAD,$1416,1.15
793,RASIA,Feron,08/07/2025,North,USD,$2947,0.73
794,CAMERON,German,08/16/2025,South,EUR,$3133,0.86
795,JAYE,Mifflin,04/22/2025,East,CAD,$4593,0.94
796,GENE,Moyer,11/21/2025,North,CAD,$2753,0.53
797,CELINKA,Sloy,09/15/2025,North,EUR,$4305,0.8
798,BARRET,Fishwick,03/18/2025,North,CAD,$2624,0.66
799,AREL,Berka,09/03/2025,North,USD,$4478,1.18
800,BARB,Ugo,09/06/2025,West,USD,$2555,0.88
801,JUDITHA,Crinidge,07/14/2025,North,CAD,$3439,0.73
802,AGNA,Osmund,02/11/2026,South,EUR,$2803,0.78
803,LORY,Raoul,07/13/2025,West,EUR,$612,0.89
804,MILDRID,Longfoot,11/13/2025,North,EUR,$2178,0.98
805,DALE,Gueste,05/15/2025,South,EUR,$3140,0.64
806,REAGAN,Gummary,03/02/2025,South,USD,$1125,0.61
807,JEREME,Hampshaw,12/07/2025,North,USD,$4775,1.03
808,TOBIAH,Collerd,06/09/2025,North,EUR,$4257,1.02
809,CLARETA,Hallward,02/18/2026,East,EUR,$4771,1.13
810,SIMON,Sollis,05/25/2025,West,USD,$3777,0.86
811,ASH,Droghan,12/24/2025,West,EUR,$4705,0.51
812,ALLYN,Allatt,03/15/2025,West,USD,$1953,0.52
813,ANNA-DIANA,Fromont,10/27/2025,South,USD,$3504,0.69
814,CONSUELO,Austins,10/08/2025,North,EUR,$1626,0.82
815,MEI,Tett,04/29/2025,East,CAD,$831,0.53
816,DEDE,Gobat,10/31/2025,North,USD,$1878,1.19
817,BERNIE,Scutts,12/06/2025,East,USD,$2865,1.1
818,MARYLEE,Fishbie,12/24/2025,North,USD,$1943,0.87
819,SIGRID,Hethron,01/13/2026,North,USD,$4274,0.87
820,LOUELLA,Spreull,04/12/2025,North,USD,$3225,1.12
821,SIGISMONDO,Dericut,03/13/2025,East,EUR,$2642,0.97
822,MINNE,Godly,09/21/2025,East,EUR,$1476,0.63
823,CONNEY,Adhams,02/16/2026,East,EUR,$4628,0.96
824,WELLS,Trodd,07/18/2025,North,CAD,$2021,0.6
825,EMALIA,Fluger,07/13/2025,West,USD,$4332,0.85
826,XENIA,Almak,10/31/2025,East,USD,$3193,1.11
827,JOHNNA,Wilson,11/12/2025,North,USD,$2566,0.75
828,FLORI,Chad,08/13/2025,South,USD,$4572,0.93
829,RAKEL,Drysdell,08/07/2025,North,USD,$1865,1.14
830,CATHRYN,Biskupek,12/29/2025,South,CAD,$3615,0.57
831,PAULIE,Garretson,01/07/2026,North,USD,$3755,0.81
832,BERNI,Finneran,06/12/2025,East,USD,$3318,1.2
833,HUMFRID,Beamand,10/09/2025,South,USD,$3201,0.71
834,FREEDMAN,Dandy,05/23/2025,South,EUR,$2738,1.09
835,CACILIE,Emson,04/20/2025,West,CAD,$3501,0.62
836,RUSS,Monketon,03/17/2025,West,USD,$1400,0.84
837,AUDREY,Shufflebotham,02/27/2025,East,CAD,$1794,0.94
838,LESHIA,Cobbledick,03/23/2025,East,CAD,$4889,0.7
839,JESSA,Bailles,10/15/2025,East,EUR,$3345,1.09
840,TONI,Robotham,07/27/2025,South,CAD,$108,0.89
841,FAUN,Robjents,04/25/2025,East,EUR,$2003,1.13
842,ARTE,McCallum,05/22/2025,East,EUR,$2422,0.76
843,QUINTINA,De Filippi,12/12/2025,East,CAD,$4290,0.83
844,NATALA,Beagles,05/07/2025,East,USD,$1186,0.83
845,DANYETTE,Ainger,05/06/2025,North,USD,$2566,0.69
846,JO,Aitcheson,08/31/2025,South,USD,$1625,0.65
847,MERIS,,08/19/2025,East,EUR,$674,1.07
848,ANSLEY,Brothwood,06/17/2025,South,EUR,$1809,1.07
849,CHARITY,,12/16/2025,East,USD,$4701,0.52
850,AUGUSTINE,Kuhl,09/28/2025,North,USD,$300,0.82
851,SHANTA,Varlow,02/04/2026,West,CAD,$2978,0.85
852,LILAH,Craxford,11/20/2025,North,EUR,$734,0.54
853,LESYA,Hendrichs,03/23/2025,East,USD,$251,1.18
854,FOSS,Nevitt,02/05/2026,West,USD,$4255,0.78
855,RUDIE,Robker,09/28/2025,South,CAD,$418,0.57
856,RUBEN,Allison,11/13/2025,East,USD,$3676,1.0
857,PAYTON,Brecknell,08/21/2025,South,CAD,$1577,0.78
858,JOBYNA,Boyton,02/01/2026,East,CAD,$1396,1.01
859,NIELS,Puddin,01/24/2026,North,USD,$4692,1.13
860,HINZE,Hounihan,08/05/2025,South,CAD,$3935,1.0
861,FILIA,Le Sarr,02/23/2025,North,EUR,$2818,0.84
862,JOANIE,Shadfourth,06/22/2025,South,EUR,$4086,0.71
863,URBANUS,Flemyng,02/18/2026,East,USD,$3137,0.98
864,KENN,Robson,04/25/2025,East,EUR,$3511,1.06
865,CONSALVE,Eite,11/16/2025,North,EUR,$2732,1.18
866,MUIRE,Voas,04/29/2025,North,USD,$511,1.08
867,DANNIE,Greengrass,11/18/2025,West,EUR,$3656,0.77
868,NIKI,Palister,09/30/2025,North,EUR,$4550,0.81
869,DENNY,Swyn,05/26/2025,East,EUR,$775,1.07
870,BRENDIS,Swire,12/21/2025,North,CAD,$1351,0.78
871,RIKKI,,01/10/2026,North,EUR,$2167,0.57
872,CATRINA,Mackneis,04/03/2025,West,EUR,$4362,1.12
873,SUNNY,Redihalgh,10/25/2025,North,CAD,$281,0.87
874,NOACH,Mosby,06/29/2025,South,USD,$3221,0.57
875,LETTA,McJarrow,10/31/2025,North,EUR,$1546,0.91
876,STEFAN,Mounce,01/11/2026,East,EUR,$2495,1.18
877,RAIMONDO,Comelli,12/22/2025,North,USD,$2789,0.87
878,MOREY,Margetson,05/06/2025,North,USD,$4177,0.87
879,GROVER,,02/26/2025,West,CAD,$2164,0.52
880,TEDD,Crottagh,03/23/2025,West,CAD,$4733,0.79
881,CHANDA,Rickeard,05/26/2025,East,CAD,$1124,0.87
882,DYAN,Vicker,04/27/2025,East,USD,$1571,1.0
883,LIA,Treacy,03/16/2025,South,CAD,$3108,0.51
884,MANO,Luety,09/14/2025,North,USD,$151,1.01
885,GUINNA,Girardini,02/21/2026,North,CAD,$4742,1.15
886,ARDITH,Branford,01/30/2026,West,EUR,$2939,0.66
887,JUNE,Kemery,02/24/2025,West,EUR,$613,0.68
888,BELTRAN,Loomis,10/17/2025,East,EUR,$1915,0.64
889,VALARIA,Hens,06/23/2025,East,EUR,$107,1.0
890,HERC,Krzyzowski,11/09/2025,North,EUR,$4458,0.98
891,MINDY,Foresight,03/05/2025,North,EUR,$4496,0.79
892,KYLYNN,Zavattieri,05/27/2025,North,EUR,$1878,0.61
893,IRA,McLeoid,11/17/2025,North,USD,$2550,0.74
894,TAMMI,McGilbon,04/23/2025,East,CAD,$432,0.55
895,TREV,Lisimore,03/17/2025,South,USD,$1742,0.75
896,CHRYSLER,Aldritt,04/05/2025,North,EUR,$3038,1.19
897,FRANCESCA,Kloss,04/30/2025,East,CAD,$3890,1.1
898,MELODY,Shimman,07/02/2025,West,CAD,$3343,0.95
899,GAMALIEL,Parnall,06/03/2025,West,CAD,$2306,0.97
900,MILE,Hugonin,03/18/2025,South,CAD,$3277,0.53
901,LILLA,Newing,06/30/2025,South,USD,$1334,0.59
902,TERRI,de Courcey,04/20/2025,North,EUR,$4703,0.91
903,MARGI,Goldhawk,04/06/2025,North,EUR,$1081,1.1
904,HANA,Ritmeier,09/28/2025,North,USD,$3021,0.61
905,CLARA,Spinozzi,05/04/2025,North,USD,$3591,0.54
906,THOMASIN,Setterthwait,02/14/2026,South,EUR,$4886,0.56
907,ZECHARIAH,Dislee,01/10/2026,North,USD,$2812,0.6
908,DRONA,Borrel,08/11/2025,West,EUR,$2764,0.99
909,ASIA,,11/29/2025,South,USD,$1612,1.09
910,ALF,Boodle,06/13/2025,South,CAD,$176,1.08
911,CADDRIC,Dunniom,12/28/2025,East,CAD,$3935,1.0
912,SONNY,Dudin,08/30/2025,East,EUR,$2567,0.62
913,MILL,Van Halle,02/18/2026,South,USD,$4043,1.19
914,LUCIUS,Gooder,04/23/2025,West,USD,$2533,0.57
915,PATTY,,03/08/2025,North,USD,$3177,0.76
916,LORI,Nise,06/20/2025,South,EUR,$2361,0.89
917,HENRIK,Sposito,01/26/2026,East,EUR,$1062,0.87
918,KATHY,Swin,11/25/2025,East,EUR,$1103,0.57
919,DENNIS,Stollhofer,12/01/2025,North,CAD,$954,0.84
920,DODI,Dmych,03/17/2025,West,CAD,$2074,0.55
921,FIONNA,Just,08/19/2025,North,USD,$440,0.53
922,FLORRI,Presslee,04/27/2025,East,CAD,$1157,0.86
923,KARLIS,Josipovitz,06/22/2025,East,EUR,$1109,0.6
924,PATSY,Marques,03/19/2025,North,USD,$540,0.73
925,RUDOLF,Atchly,05/04/2025,South,EUR,$4082,1.07
926,GARE,Imm,07/29/2025,East,CAD,$4608,1.13
927,ELLYNN,Bednell,01/21/2026,South,USD,$262,0.94
928,LEIGHA,Golton,03/02/2025,South,CAD,$4386,1.15
929,CORRINA,,01/13/2026,South,USD,$4343,0.79
930,VIN,Rowlinson,04/21/2025,South,CAD,$4914,0.81
931,CYNDIE,Ratt,02/27/2025,East,EUR,$3605,0.74
932,JEREME,Fishpool,02/19/2026,East,EUR,$300,0.62
933,HILDEGARDE,Attrey,06/16/2025,North,EUR,$4758,0.54
934,VIVIAN,Treweela,03/23/2025,West,USD,$3122,1.05
935,EVERARD,Ulyet,05/17/2025,West,EUR,$578,0.57
936,JESSE,Chatteris,09/22/2025,East,EUR,$2300,0.94
937,RAIMUND,Samudio,10/21/2025,South,EUR,$3446,0.93
938,MERRILE,Olrenshaw,01/30/2026,East,CAD,$2121,0.62
939,PEARLA,Casburn,12/11/2025,South,USD,$1455,0.83
940,DARLEEN,Kleinerman,01/05/2026,East,EUR,$3580,0.75
941,CLEMENCE,Flannigan,10/07/2025,North,EUR,$4147,1.0
942,NANON,Hordle,05/29/2025,East,EUR,$4556,0.91
943,YETTIE,Stickins,06/01/2025,North,CAD,$4783,0.8
944,LESYA,Stout,05/02/2025,North,EUR,$2066,1.06
945,NICKIE,Hirche,01/10/2026,West,USD,$4091,1.17
946,BLAINE,Nutton,11/01/2025,East,EUR,$4407,0.92
947,LISHE,Gaddes,09/23/2025,East,CAD,$562,1.07
948,JODIE,Boggas,11/15/2025,South,USD,$4957,1.16
949,ANSELM,Gribbell,03/09/2025,West,USD,$322,0.68
950,MARCELLINA,Coggins,05/29/2025,South,CAD,$4352,0.96
951,ARLINDA,Lefwich,01/11/2026,North,CAD,$3739,0.88
952,FELIX,Pepperd,10/20/2025,East,EUR,$4373,0.6
953,GRISSEL,Battany,07/14/2025,East,CAD,$761,0.98
954,GERRI,Landsbury,02/03/2026,North,USD,$4307,0.68
955,RAFAELA,Cervantes,05/18/2025,West,CAD,$3779,0.89
956,BAYARD,Bateup,07/07/2025,West,EUR,$4853,0.68
957,VIKKI,McCreery,06/09/2025,North,EUR,$2111,0.7
958,IRVIN,Torr,06/21/2025,South,USD,$1561,0.51
959,EOLANDE,Manus,04/18/2025,West,EUR,$539,0.7
960,SAVINA,Mullan,03/31/2025,North,USD,$2897,0.9
961,SASHA,List,02/04/2026,North,CAD,$2725,1.13
962,BREW,McCartan,08/10/2025,West,EUR,$1399,1.17
963,DACIE,Tasseler,01/07/2026,North,CAD,$3991,0.51
964,BREENA,Jee,03/28/2025,South,EUR,$1365,0.63
965,PATTON,Ivey,11/03/2025,East,EUR,$1560,0.92
966,TAMIKO,Biggar,07/05/2025,West,USD,$146,0.88
967,FELECIA,Ruprechter,03/21/2025,North,CAD,$838,0.8
968,STANWOOD,Spain,10/22/2025,North,CAD,$3353,0.51
969,RHETT,Massimo,02/28/2025,South,USD,$3924,0.88
970,COLEEN,Adey,07/12/2025,South,CAD,$4789,1.19
971,PEPITA,Strahan,10/26/2025,East,USD,$4767,0.85
972,MIDGE,Tomalin,04/23/2025,South,CAD,$1071,0.75
973,IOLANDE,Vaulkhard,12/24/2025,West,CAD,$1218,0.9
974,MALINA,Vayne,09/11/2025,South,CAD,$4143,0.54
975,SILE,Redon,03/18/2025,South,USD,$4813,0.95
976,GRANGE,Ivanishin,09/08/2025,West,USD,$4596,0.65
977,LANNIE,Ellsom,01/23/2026,West,CAD,$1797,0.54
978,SAMSON,Cocking,04/01/2025,West,USD,$4972,1.1
979,MYRA,Aujean,11/06/2025,South,USD,$1269,1.17
980,ADORNE,Whitmore,09/06/2025,North,CAD,$3748,0.72
981,RON,Kingsman,12/10/2025,West,CAD,$2699,0.83
982,HILLARY,Wisden,08/14/2025,North,USD,$383,0.6
983,MARNIA,Reinhardt,07/31/2025,North,EUR,$1599,0.68
984,MATTY,Borrett,07/13/2025,South,CAD,$3176,1.05
985,JOELLE,Courtes,11/21/2025,East,EUR,$2477,0.7
986,BRANDTR,Banat,04/21/2025,North,USD,$4388,1.1
987,PATSY,Thirsk,03/07/2025,North,CAD,$886,0.62
988,DEBOR,McCrossan,02/09/2026,South,EUR,$4800,0.55
989,DEBBY,Spittles,12/14/2025,North,EUR,$4236,0.86
990,KALLI,Maslen,11/11/2025,North,EUR,$3262,0.89
991,CECILE,Lavell,10/11/2025,South,CAD,$3255,1.14
992,ARLAN,Adamou,07/13/2025,South,CAD,$1905,0.76
993,VINCENTY,Nore,06/24/2025,North,CAD,$385,1.18
994,VERONIQUE,Thurnham,10/20/2025,South,CAD,$4304,1.04
995,ROURKE,Esselin,12/25/2025,West,EUR,$1897,0.88
996,SUSANNAH,Kelledy,06/26/2025,East,EUR,$3634,0.87
997,TESSA,Catterill,08/28/2025,North,USD,$3221,0.77
998,CARLETON,Riches,04/23/2025,South,CAD,$3166,0.97
999,AMBLE,Trownson,12/24/2025,West,CAD,$3070,0.62
1000,LOVELL,Nicholl,02/13/2026,North,USD,$1330,0.99
